,Week 8 NT-proBNP (pg/mL),Week 8 NT-proBNP (pg/mL),Week 8 NT-proBNP (pg/mL),Week 8 NT-proBNP (pg/mL),Week 8 NT-proBNP (pg/mL),Week 8 NT-proBNP (pg/mL),Week 8 NT-proBNP (pg/mL)
Race,Asian,Black,Caucasian,Native American,Other,Pacific Islander,Unknown
Group,,,,,,,
Enalapril,3510.4985441176473,3457.209056338028,3497.5919272727274,3444.7539508196724,3432.0128163265304,3375.541390625,3479.4801791044774
Sacubitril-valsartan,1772.975076923077,1728.891313432836,1766.1981948051948,1778.2520263157896,1729.781694915254,1730.780590909091,1785.3350677966102
